Word,xʃxƨſ ,Type,Meaning,Noun,Verb,Modifier,Origin,IPA,Family,Tokima Word,Relabel v1 Word,Rev_Type,pre-h/c,T,R,Antonym,Antonym wrong?
akala,oxʋ,Verb,to grab/hold (a hold/load/burden),a hold/load/burden,to grab/hold,holdable,Spanish agarrar,[a.ɣ̞aˈraɾ],Romance,-,-,Verb,-,X,X,,.
akasa,oxɤ,Noun,sky,sky,to be the sky,sky-related,Kannada ಆಕಾಶ ākāśa,,Dravidian,aka,aka,Noun,-,X,X,,.
alijun,oʋıɂ̄ſ,Noun,allium plant,allium plant,to be an allium plant,allium-related,Latin allium,/ˈal.li.um/,Romance,-,-,Noun,-,X,X,,.
alu,oʋſ,Verb,to take (a taken entity),a taken thing,to take/retrieve,takeable/retrievable,Kyrgyz алуу aluu,,Turkic,lanpan,lanpan,Verb,-,X,X,tene,.
amo,oɞʃ,Verb,to love (a loved entity),a loved thing,to love,lovable,Spanish amor,[aˈmoɾ],Romance,wolin,amo,Verb,-,X,.,tajen,.
anan,oƨ̄,Verb,to smell (a scent),a smell/scent,to smell,smell-like/scent-like/smellable,Burmese အနံ့ a.nam.,/ʔəna̰ɴ/,Sino-Tibetan,nena,nanpu,Verb,-,X,X,,.
ani,oƨı,Quantity,all,all,to be all,all-/total/most/-est,Telugu అన్నీ annī, /an̪n̪iː/,Dravidian,ali,ani,Quantity,-,X,.,,.
ankolo,ōxʃʋʃ,Noun,corner,corner/angle,to be a corner/angle,corner/angle-related,Italian angolo,/ˈan.ɡo.lo/,Romance,kona,kona,Noun,-,X,X,,.
anpipi,ōʜıʜı,Noun,amphibian,amphibian,to be an amphibian,amphibian-related,Catalan amfibi,/amˈfi.bi/,Romance,aketi,wenja,Noun,-,X,X,,.
antomi,ōʌʃɞı,Modifier,asleep,sleepiness,to be asleep,asleep,French endormi,,Romance,lape,tunku,Modifier>,-,X,X,ujanu,.
anwije,ōɕıɂȷ,Modifier,bored,boredom,to be bored,bored,French ennuyé,/ɑ̃.nɥi.je/ (/ɒ̃.nɥi.je/),Romance,enujo,enujo,ModifierG,-,X,X,,.
apaki,oʜxı,Noun,glass,glass/crystal,to be glass/crystal,glass/crystal-related,Armenian ապակի apaki,[ɑpɑˈki],Armenian,tiwata,tiwata,Noun,-,X,X,,.
asa,oɤ,Modifier,rough/sharp,roughness/sharpness,to be rough/sharp,rough/sharp,Latvian ass,[as],Balto-Slavic,-,-,Modifier>,-,X,X,lisi,.
asete,oɤȷʌȷ,Noun,oil,oil,to be oil,oil-related,Spanish aceite,[aˈθei̯.t̪e],Romance,oliwa,oliwa,Noun,-,X,X,,.
cakuwa,ɛxſɕ,Verb,to choose (a choice),a choice/decision,to choose,choice-like/choosable,Swahili -chagua,,Niger-Congo,saku,saku,Verb,takuwa,X,X,,.
canu,ɛƨſ,Modifier,cold,coldness,to be cold,cold,Tibetan གྲང་མོ grang mo,/ʈ͡ʂʰəŋ˩˧.ŋu˥˥/,Sino-Tibetan,lete,tamu,Modifier0,tanu,X,X,tuko,.
canwa,ɛ̄ɕ,Noun,animal,animal,to be an animal,animal-related,Hindi जानवर jānvar,[d͡ʒä̃ːn̪.wəɾ],Indo-Iranian,janwa,janwa,Noun,tanwa,X,X,,.
cawapu,ɛɕʜſ,Verb,to answer (a response),an answer/response,to answer/respond with,answer-like/response-like/answerable,Swahili jawabu,,Niger-Congo,sawapu,sawapu,Verb,tawapu,X,X,solu,.
ceke,ɛȷxȷ,Noun,limb,limb/branch,to be a limb/branch,limb/branch-related,Irish géag,/ɟeːɡ/,Celtic,-,-,Noun,keke,X,X,,.
cele,ɛȷʋȷ,Verb,to exchange/trade,an exchanged entity/product,to exchange/trade,exchangable/tradeable,Hungarian cserél,[ˈt͡ʃɛreːl],Uralic,esun,pasa,Noun,-,X,X,,.
cenci,ɛ̄ȷɛı,Modifier,thin,thinness,to be thin,thin,Kashubian cenczi,,Balto-Slavic,mawon,mawon,Modifier0,tenti,X,X,tenja,.
cenpo,ɛ̄ȷʜʃ,Modifier,big,bigness/size,to be big,big,Tibetan ཆེན་པོ chen po,/t͡ɕʰem˥˥.po˥˥/,Sino-Tibetan,suli,kapi,Modifier>,kima,X,X,cina,.
ci,ɛı,Pronoun,what,what,to be what,(of) what,Dari Persian چی či,[t͡ʃʰiː],Indo-Iranian,seme,ka,Pronoun,-,X,X,,.
cimi,ɛıɞı,Modifier,precise/specific,precision/specificity,to be precise/specific,precise/specific,Mandarin 精密 jīngmì,/t͡ɕiŋ⁵⁵ mi⁵¹/,Sino-Tibetan,suti,suti,Modifier>,timi,X,X,eme,.
cina,ɛıƨ,Modifier,small,smallness,to be small,small,Telugu చిన్న cinna,[t͡ʃin̪n̪a],Dravidian,lili,peti,Modifier0,tina,X,X,cenpo,.
cohi,ɛʃɵı,Noun,stick,stick/staff/pole,to be a stick/staff/pole,stick/staff/pole-related,Georgian ჯოხი ǯoxi,/d͡ʒoxi/,Kartvelian,palisa,lati,Noun,toki,X,X,,.
con,ɛ̄ʃ,Quantity,thousand^,-,-,-,Korean 천 cheon,[t͡ɕʰʌ̹n],Koreic,kilo,kilo,Quantity,-,X,X,,.
conca,ɛ̄ʃɛ,Modifier,ongoing; progressive aspect modifier,ongoingness,to be ongoing,ongoing,Mandarin 正在 zhèngzài,/ʈ͡ʂɤŋ⁵¹⁻⁵³ t͡saɪ̯⁵¹/,Sino-Tibetan,sajo,sajo,Modifier>,tonsa (tonta),X,X,luka,.
conto,ɛ̄ʃʌʃ,Noun,machine/mechanism,machine/mechanism,to be a machine/mechanism,machine/mechanism-related,Odia ଯନ୍ତ୍ର jôntrô,/d͡ʒɔn̪t̪ɾɔ/,Indo-Iranian,-,-,Noun,-,X,X,,.
cuma,ɛſɞ,Modifier,leaving/departing/exiting,leave/departure/exit,to be leaving/departing/exiting,leaving/departing/exiting,Turkish çıkmak,/t͡ʃɯkˈmɑk/,Turkic,-,-,Modifier-,-,X,X,koman,.
cune,ɛſƨȷ,Modifier,old,oldness/age,to be old,old,Marathi जुने j̈une,,Indo-Iranian,pulono,pulono,ModifierG>,tune,X,X,neso/talun,.
cunpu,ɛ̄ſʜſ,Modifier,repeating; frequentative aspect modifier,repetitiveness/repetition/cycle,to be repeating/repetitive,repeating/repetitive,Mandarin 重複 chóngfù,/ʈ͡ʂʰʊŋ³⁵ fu⁵¹/,Sino-Tibetan,taka,taka,Modifier>,tunpu,X,X,luka,.
cuwi,ɛſɕı,Noun,rodent,mouse/rat/rodent,to be a mouse/rat/rodent,mouse/rat/rodent-related,Korean 쥐 jwi,[t͡ɕɥi],Koreic,misa,misa,Noun,tuwi,X,X,,.
eme,oȷɞȷ,Modifier,vague/imprecise,vagueness/imprecision,to be vague/imprecise,vague/imprecise,from Wu 曖昧 e-me,/e̞³³ me̞⁴⁴/,Sino-Tibetan,-,-,Modifier0,-,X,X,cimi,.
enteken,ōȷʌȷx̄ȷ,Noun,outside,outside region,to be the outside region,outside-related/outer,Western Dani endekem,,Trans-New Guinea,nesi,nesi,Noun,-,X,X,limijen,.
etu,oȷʌſ,Quantity,eight,eight,to be eight,eighth,Tamil எட்டு eṭṭu,[eʈːɯ],Dravidian,oto,oto,Quantity,-,X,X,,.
ewin,oȷɕ̄ı,Noun,claw,claw/nail/hoof,to be a claw/nail/hoof,claw/nail/hoof-related,Welsh ewin,/ˈɛu̯.ɪn/,Celtic,ewin,ewin,Noun,-,.,.,,.
ha,ɵ,Quantity,two,two,to be two,second (ordinal),Vietnamese hai,[haːj˧˧],Austro-Asiatic,tu,tuwo,Quantity,-,X,X,,.
haja,ɵɂ,Modifier,alive,aliveness/life,to be alive/living,alive/living,Arabic حياة ḥayāh,/ħa.jaːh/,Afroasiatic,aja,aja,Modifier>,aja,X,X,tiku,.
hakiki,ɵxıxı,Modifier,authentic,authenticity/truth,to be authentic/true,authentic/true,Arabic حَقِيقِيّ ḥaqīqiyy,,Afroasiatic,lon,ese,ModifierG,akiki,X,X,kate/pasu,.
hakoli,ɵxʃʋı,Noun,tooth,tooth,to be a tooth,tooth-related/dental,Hausa haƙōrī,/há.kʼóː.ɽíː/,Afroasiatic,tanta,tanta,Noun,akoli,X,X,,.
haluko,ɵʋſxʃ,Modifier,lightweight,lightness (weight-wise),to be light(weight),light(weight),Nepali हलुको haluko,[ɦʌluko],Indo-Iranian,mawon,mawon,Modifier0,aluko,X,X,puka,.
han,ɵ̄,Verb,to have (a possession),a possession/owned thing,to have/own/possess,possession-like/ownable,Central Franconian han,[ɦɑn],Germanic,jo,jo,Verb,-,X,X,,.
hapijo,ɵʜıɂʃ,Verb,to announce (an announcement),an announcement/decleration,to announce,announcement-like/announcable,Japanese 発表 happyō,[ha̠p̚ʲpʲo̞ː],Japonic,lajo,lajo,Verb,apijo,X,X,,.
haso,ɵɤʃ,Modifier,chaotic,chaoticness/chaos,to be chaotic,chaotic,Greek χάος cháos,/ˈxa.os/,Hellenic,-,-,ModifierC,kaso,X,X,onin,.
he,ɵȷ,Preposition,vocative marker,-,-,-,English hey,/heɪ/,Germanic,-,-,Preposition,e,X,X,,.
hela,ɵȷʋ,Modifier,sacred,sacredness/holiness,to be sacred,sacred,Dutch heilig,/ˈɦɛi̯.ləx/,Germanic,sewi,alike,Modifier>,ela,X,X,wi no hela,.
henelo,ɵȷƨȷʋʃ,Noun,gender,gender,to be a gender,gender-related,Spanish género,[ˈxe.ne.ɾo],Romance,-,-,Noun,kenelo,X,X,,.
hinpan,ɵ̄ıʜ̄,Modifier,excited,excitement,to be excited,excited,Cantonese 興奮 hing fan,/hɪŋ⁵⁵ fɐn¹³/,Sino-Tibetan,tutu,tutu,ModifierG,-,X,X,,.
hon,ɵ̄ʃ,Preposition,context marker (as for/given),-,-,-,-,-,Misc,la,imo/omi,Preposition,-,X,X,,.
honja,ɵ̄ʃɂ,Noun,wilderness,wilderness,to be the wilderness,wild,Min Nan 荒野 hong-iá,/hɔŋ⁴⁴⁻²² ia⁵³/,Sino-Tibetan,jesen,jesen,Noun,onja,X,X,sinsi,.
hoton,ɵʃʌ̄ʃ,Noun,mammal,mammal,to be a mammal,mammal-related,Mongolian хөхтөн xöxtön,,Mongolic,soweli,latan,Noun,koton,X,X,,.
hu,ɵſ,Grammar,indicative/stative clause ender,-,-,-,-,-,Misc,-,-,Particle,-,X,X,,.
hukun,ɵſx̄ſ,Verb,to order (a command),an order/command,to order/command,order-like/command-like/orderable/commandable,Arabic حُكْم ḥukm,,Afroasiatic,ukumu,ukumu,Verb,ukun,X,X,,.
hunsi,ɵ̄ſɤı,Modifier,red,redness,to be red,red,Cantonese 紅色 hung sik,/hʊŋ²¹ sɪk̚⁵/,Sino-Tibetan,loje,onse,ModifierG,unsi,X,X,,.
husu,ɵſɤſ,Verb,to be about (a theme),a theme,to be about/concern/regard,theme-like/be-about-able,Swahili -husu,,Niger-Congo,-,-,Verb,-,X,X,,.
huwa,ɵſɕ,Noun,seed/grain/egg,seed/grain/egg,to be a seed/grain/egg,seed/grain/egg-related,Hawaiian hua,[ˈhuə],Austronesian,-,-,Noun,wa,X,X,,.
huwonho,ɵſɕ̄ʃɵʃ,Modifier,mixed,mixedness/heterogeneity/unsortedness,to be mixed/heterogenous/unsorted,mixed/heterogenous/unsorted,Mandarin 混合 hùnhé,/xu̯ən⁵¹ xɤ³⁵/,Sino-Tibetan,unja,unja,ModifierC,kuwanko,X,X,napa,.
ihamo,oıɵɞʃ,Modifier,constrained/restricted,constraint/restrictedness,to be constrained/restricted,constrained/restricted,Yoruba ihamọ,,Niger-Congo,-,-,Modifier0,-,X,X,laha,.
ikama,oıxɞ,Verb,to be called/named (a name/word/address),name/word/address,to be called/named,name/word/address-related,Zulu igama,/îːɡâːma/,Niger-Congo,nimi,nama,Verb,-,X,X,,.
ikasi,oıxɤı,Verb,to learn/study (a lesson),lesson,to learn/study,lesson-like/learnable/studyable,Basque ikasi,[i.ka.s̺i],Basque,-,-,Verb,-,X,X,,.
ili,oıʋı,Connector,or,-,-,-,Russian и́ли íli,[ˈilʲɪ],Balto-Slavic,anu,ili,Connector,-,X,.,,.
iman,oıɞ̄,Verb,to trust (a belief),a belief,to trust/believe,belief-like/believable,Arabic إيمان ʾīmān,/ʔiː.maːn/,Afroasiatic,iman,iman,Verb,-,.,.,,.
in,ōı,Preposition,direct object marker,-,-,-,-,-,Misc,e,i,Preposition,-,X,X,men,.
inalo,oıƨʋʃ,Modifier,vertical,verticalness,to be vertical,vertical,Yoruba inaro,,Niger-Congo,-,-,Modifier>,-,X,X,opoki,.
inkatan,ōıxʌ̄,Verb,to remember (a memory),a memory,to remember/recall,memory-like/rememberable,Malay ingatan,,Austronesian,inkatan,inkatan,Verb,-,.,.,,.
inpali,ōıʜʋı,Noun,flower,flower,to be a flower,flower-related,Zulu ímbali,/ímbaːli/,Niger-Congo,inpali,inpali,Noun,-,.,.,,.
insu,ōıɤſ,Noun,building,building,to be a building,building-related,Xhosa indlu,/íːnɮu/,Niger-Congo,tomo,inlu,Noun,-,X,X,,.
ipinto,oıʜ̄ıʌʃ,Verb,to tie/knot (a knot),knot,to tie/knot,knot-like/tieable/knotable,Zulu ifindo,,Niger-Congo,-,-,Verb,-,X,X,,.
ipuwe,oıʜſɕȷ,Noun,stone,stone/rock,to be a stone/rock,stone/rock-related,Shona ibwe,,Niger-Congo,kiwen,kaju,Noun,-,X,X,,.
iwe,oıɕȷ,Verb,to imply (an implication),an implication,to imply/mean,implication-like/impliable,Mandarin 意味 yìwèi,/i⁵¹⁻⁵³ weɪ̯⁵¹/,Sino-Tibetan,-,-,Verb,-,X,X,,.
ja,ɂ,Pronoun,they/them,they,to be them,their,Hawaiian ia,,Austronesian,on,olu,Pronoun,-,X,X,,.
jamin,ɂɞ̄ı,Noun,right,right (side),to be the right (side),rightside-related/right(hand),Arabic يَمِين yamīn,/ja.miːn/,Afroasiatic,jupa,jupa,Noun,-,X,X,pajan,.
jan,ɂ̄,Noun,place,place/location,to be a place/location,place/location-related,Ilocano yan,,Austronesian,into,into,Noun,-,X,X,ten,.
janlu,ɂ̄ʋſ,Modifier,wrong,wrongness/incorrectness/unfairness,to be wrong/incorrect/unfair,wrong/incorrect/unfair,Azerbaijani yanlış,[jɑnˈɫɯʃ],Turkic,isala,isala,Modifier-,-,X,X,tuntan,.
jatan,ɂʌ̄,Verb,to find (a discovery),a find/discovery,to find/discover,discovery-like/discoverable,Persian یافتن yâftan,/jɒːfˈtæn/,Indo-Iranian,alasa,topo,Verb,-,X,X,,.
jati,ɂʌı,Quantity,some,some,to be some,somewhat,Cantonese 有啲 jau di,/jɐu̯¹³ tiː⁵⁵/,Sino-Tibetan,tote,tote,Quantity,-,X,X,lan,.
je,ɂȷ,Grammar,of/related to; relation marker,-,-,-,Persian ی -ye,[je],Indo-Iranian,pi,je,Grammar,-,X,.,,.
joli,ɂʃʋı,Modifier,beneficial,beneficialness/advantageousness/benefit,to be beneficial/advantageous,beneficial/advantageous,Mandarin 有利 yǒulì,/joʊ̯²¹⁴⁻²¹ li⁵¹/,Sino-Tibetan,ajuta,ajuta,Modifier+,-,X,X,juka,.
jon,ɂ̄ʃ,Verb,to use (a tool),a tool,to use,tool-like/usable,Min Nan 用 iōng,/iɔŋ⁴¹/,Sino-Tibetan,ilo,uta,Verb,-,X,X,,.
jone,ɂʃƨȷ,Noun,caprine,goat/sheep/caprine,to be a goat/sheep/caprine,goat/sheep/caprine-related,Hakka 羊仔 iòng-é,/iɔŋ¹¹ ŋe³¹/,Sino-Tibetan,soweli,latan,Noun,-,X,X,,.
ju,ɂſ,Verb,to want (a desire),a desire,to want/desire,desire-like/desirable,Cantonese 要 jiu,/jiːu̯⁵⁵/,Sino-Tibetan,wile,jani,Verb,-,X,X,,.
juka,ɂſx,Modifier,hindering/detrimental,hindrance/detrimentality/detriment,to be hindering/detrimental,hindering/detrimental,Japanese 有害 yūgai,[jɯ̟ᵝːɡa̠i],Japonic,-,-,Modifier-,-,X,X,joli,.
ka,x,Grammar,interrogative clause particle,-,-,-,Japanese か ka,[ka̠],Japonic,-,-,Particle,-,X,X,,.
kaki,xxı,Noun,electricity,electricity,to be electricity,electric,K'iche' q'aq'il,,Mayan,minsu,minsu,Noun,-,X,X,,.
kalan,xʋ̄,Verb,to respect (a respected entity),a respected thing,to respect,respectable,Kapampangan gálang,[ˈɡäː.ləŋ],Austronesian,atali,atali,Verb,-,X,X,,.
kalawa,xʋɕ,Noun,art,art,to be art,art-related/artistic,Sinhalese කලාව kalāwa,,Indo-Iranian,musi,nisu,Noun,-,X,X,,.
kali,xʋı,Noun,down,bottom/below region,to be the bottom/below region,bottom-related/below/down,Marathi खाली khālī,,Indo-Iranian,anpa,sija,Noun,-,X,X,malo,.
kan,x̄,Preposition,alongside/with,-,-,-,Mandarin 跟 gēn,/kən⁵⁵/,Sino-Tibetan,kan,kon,Preposition,-,.,X,,.
kanisa,xƨıɤ,Verb,to think (a thought/opinion),a thought/opinion,to think,thought-like/opinion-like/thinkable,Chichewa -ganiza,/ɡaˈni.za/,Niger-Congo,tana,tana,Verb,-,X,X,,.
kanta,x̄ʌ,Verb,to sing/play (music),a song/music,to sing/play (instrument-wise),song-like/singable/playable (instrument-wise),Spanish cantar,[kãn̪ˈt̪aɾ],Romance,kanti,kanti,Verb,-,X,X,,.
kapan,xʜ̄,Modifier,disgusted,disgust,to be disgusted,disgusted,Arabic قَرْفَان‎ qarfān,,Afroasiatic,-,-,ModifierG,-,X,X,,.
kapu,xʜſ,Modifier,broken/dysfunctional,brokenness/dysfunctionality,to be broken/dysfunctional,broken/dysfunctional,German kaputt,/kaˈpʊt/,Germanic,pakala,tuta,ModifierG,-,X,X,tomiwa,.
kate,xʌȷ,Modifier,hypothetical,hypotheticality,to be hypothetical,hypothetical,Japanese 仮定 katei,[ka̠te̞ː],Japonic,-,-,ModifierG,-,X,X,hakiki,.
katin,xʌ̄ı,Modifier,difficult,difficulty/complexity,to be difficult,difficult,Hindi कठिन kaṭhin,[kə.ʈʰɪ̃n̪],Indo-Iranian,jatila,jatila,ModifierC,-,X,X,sula,.
kawa,xɕ,Modifier,dirty,dirtiness/pollution/soiledness,to be dirty/polluted/soiled,dirty/polluted/soiled,Khmer កខ្វក់ kɑkvɑk,/kɑʔ.ˈʋɑʔ/,Austro-Asiatic,jaki,jaki,ModifierC,-,X,X,naki,.
kela,xȷʋ,Verb,to play (a game),a game,to play (game-wise),game-like/playable,Assamese খেলা khela,/kʰɛ.la/,Indo-Iranian,kela,kela,Verb,-,.,.,,.
kemika,xȷɞıx,Noun,chemical,chemical,to be a chemical,chemical-related,English chemical,/ˈkɛmɪkəl/,Germanic,-,-,Noun,-,X,X,,.
kenca,x̄ȷɛ,Modifier,current; present tense modifier,currentness/present,to be current,current/present (time-wise),Japanese 現在 genzai,[ɡẽ̞nd͡za̠i],Japonic,iputu,iputu,ModifierG,-,X,X,,.
ki,xı,Preposition,towards,-,-,-,Maori ki,,Austronesian,ki,ki,Preposition,-,.,.,sun,.
kijeta,xıɂȷʌ,Modifier,hard,hardness,to be hard (material-wise),hard (material-wise),Lithuanian kietas,[ˈkʲɪ̂ət̪ɐs̪],Balto-Slavic,ulokan,ulokan,Modifier>,-,X,X,nalan,.
kiju,xıɂſ,Noun,ball,ball/sphere,to be a ball/sphere,ball/sphere-related/spherical,Hakka 球 khiu,/kʰi̯u¹¹/,Sino-Tibetan,sike,kulu,Noun,-,X,X,,.
kike,xıxȷ,Modifier,female,femaleness/femininity,to be female/feminine,female/feminine,Swahili kike,,Niger-Congo,meli,sena,ModifierG,-,X,X,maku,.
kikolo,xıxʃʋʃ,Modifier,bitter,bitterness,to be bitter,bitter,Yoruba kikorò,,Niger-Congo,kikolo,kikolo,ModifierG,-,.,.,,.
kikuwa,xıxſɕ,Modifier,strange,strangeness/weirdness/abnormality,to be strange/weird/abnormal,strange/weird/abnormal,Hakka 奇怪 khì-koai,/kʰi¹¹ ku̯ai̯⁵⁵/,Sino-Tibetan,nasa,nasa,ModifierG,-,X,X,satalan,.
kilima,xıʋıɞ,Verb,to climb (a slope),a slope/ramp,to climb,slope-like/ramp-like/climbable,Ancient Greek κλῐ́μᾰ klíma,/ˈkli.ma/,Hellenic,-,-,Verb,-,X,X,,.
kin,x̄ı,Noun,sun/day,sun/day,to be the sun/a day,sun/day-related,Yucatec Maya k'iin,,Mayan,suno,sole,Noun,-,X,X,,.
kisa,xıɤ,Verb,to narrate (a story),a story,to narrate,story-like/narratable,Arabic قِصَّة qiṣṣa,,Afroasiatic,kisa,kisa,Verb,-,.,.,,.
kisowa,xıɤʃɕ,Modifier,crossed/intersected,crossed-ness/intersected-ness/intersection,to be crossed/intersected,crossed/intersected,Polish krzyżować,/kʂɨˈʐɔ.vat͡ɕ/,Balto-Slavic,-,-,ModifierG,-,X,X,panli,.
ko,xʃ,Noun,manifest non-physical thing,state/condition/manifest non-physical thing,to be a state/condition/manifest non-physical thing,state/condition-related,Scottish Gaelic cor,/kʰɔɾ/,Celtic,jala,jala,Noun,-,X,X,,.
koman,xʃɞ̄,Modifier,arriving/entering,arrival/entry,to be arriving/entering,arriving/entering,German kommen,[ˈkɔmən],Germanic,-,-,Modifier+,-,X,X,cuma,.
konco,x̄ʃɛʃ,Noun,job/profession,job/profession,to be a job/profession,job/profession-related,Wu 工作 kon-tsoq,/koŋ⁵⁵ t͡soʔ²¹/,Sino-Tibetan,-,-,Noun,-,X,X,,.
konen,xʃƨ̄ȷ,Modifier,possible/likely,possibility/likeliness,to be possible/likely,possible/likely,Hakka 可能 khó-nèn,/kʰo³¹ nen¹¹/,Sino-Tibetan,munkin,munkin,Modifier>,-,X,X,nepa,.
konje,x̄ʃɂȷ,Modifier,ending; terminative aspect modifier,endingness/end,to be ending,ending,Slovak koniec,[ˈkoɲi̯et͡s],Balto-Slavic,pini,koneku,ModifierG,-,X,X,,.
konkulen,x̄ʃxſʋ̄ȷ,Verb,to compete [against] (a rival),rival/opponent,to compete [against]/rival/oppose,rival-like/opponent-like/opposable,German Konkurrent,,Germanic,-,-,Verb,-,X,X,,.
konpa,x̄ʃʜ,Modifier,shaking,shakiness/tremulousness/vibration,to be shaking/trembling/vibrating/non-traversally moving,shaking/trembling/vibrating/non-traversally moving,Assamese কঁপা kõpa,/kɔ̃pa/,Indo-Iranian,kanpe,kanpe,Modifier>,-,X,X,patun,.
konpute,x̄ʃʜſʌȷ,Noun,computer,computer,to be a computer,computer-related,Northern Kurdish kompûter,,Indo-Iranian,kanputa,kanputa,Noun,-,X,X,,.
kontatu,x̄ʃʌʌſ,Verb,to celebrate (a party),a party,to celebrate,party-like/celebratable,Tamil கொண்டாடு koṇṭāṭu,[koɳɖaːɖɯ],Dravidian,pati,pati,Verb,-,X,X,,.
kosan,xʃɤ̄,Verb,to build (a construction),a construction,to build/construct,construction-like/buildable,Lao ກໍ່ສ້າງ kǭ sāng,,Kra-Dai,-,-,Verb,-,X,X,,.
kosomo,xʃɤʃɞʃ,Noun,space/cosmos,space/cosmos,to be space/the cosmos,space-related/cosmic,Italian cosmo,/ˈkɔ.zmo/,Romance,-,-,Noun,-,X,X,,.
kota,xʃʌ,Verb,to talk (speech),speech,to talk/say,speech-like/speakable/sayable,Bengali কথা kotha,/kɔ.tʰa/,Indo-Iranian,toki,kota,Verb,-,X,.,,.
kujo,xſɂʃ,Modifier,sad,sadness,to be sad,sad,Dholuo kuyo,,Nilo-Saharan,lakima,lakima,ModifierG,-,X,X,,.
kuku,xſxſ,Noun,bird,bird,to be a bird,bird-related,Onomatopoeia,-,Misc,waso,kuku,Noun,-,X,.,,.
kula,xſʋ,Modifier,open,openness,to be open,open,Hindi खुला khulā,[kʰʊ.l̪äː],Indo-Iranian,-,-,Modifier>,-,X,X,panta,.
kumi,xſɞı,Noun,plastic,plastic/rubber,to be (a) plastic/rubber,plastic/rubber-related,German Gummi,/ˈɡʊmi/,Germanic,kumi,kumi,Noun,-,.,.,,.
kumon,xſɞ̄ʃ,Noun,hole,hole/passage,to be a hole/passage,hole/passage-related,Korean 구멍 gumeong,[kumʌ̹ŋ],Koreic,lupa,laka,Noun,-,X,X,,.
kun,x̄ſ,Verb,to perceive (a trait),a quality/aspect/trait,to perceive/sense,quality-like/trait-like/aspect-like/perceivable/sensable,Hindi गुण guṇ,[ɡʊ̃ɳ],Indo-Iranian,-,-,Verb,-,X,X,,.
kusa,xſɤ,Modifier,angry,anger/rage,to be angry,angry,Hindi ग़ुस्सा ġussā,[ɣʊs̪.s̪äː]/[ɡʊs̪.s̪äː],Indo-Iranian,tajan,tajan,ModifierG,-,X,X,,.
kuto,xſʌʃ,Modifier,short,shortness,to be short,short,Ladino kurto,,Romance,tini,tini,Modifier0,-,X,X,lamo,.
kuwan,xſɕ̄,Noun,light,light,to be light,light-related,Mandarin 光 guāng,/ku̯ɑŋ²¹⁴/,Sino-Tibetan,kuwan,kuwan,Noun,-,.,.,,.
kuwekan,xſɕȷx̄,Verb,to cultivate/breed/raise (a crop/livestock),a crop/livestock,to cultivate/breed/raise,crop-like/livestock-like/cultivatable/breedable (agriculturally),Dutch kweken,/ˈkʋeː.kə(n)/,Germanic,-,-,Verb,-,X,X,,.
kuwosi,xſɕʃɤı,Noun,fruit,fruit,to be a fruit,fruit-related,Mandarin 果實 guǒshí,/ku̯ɔ²¹⁴⁻²¹ ʂʐ̩³⁵/,Sino-Tibetan,kili,kosi,Noun,-,X,X,,.
la,ʋ,Grammar,emphatic clause ender,-,-,-,Malay lah,/lah/,Austronesian,a,a,Grammar,-,X,X,,.
lacito,ʋɛıʌʃ,Noun,heart,heart,to be a heart,heart-related,Isthmus Zapotec ladxidó',,Oto-Manguean,-,-,Noun,latito,X,X,,.
laha,ʋɵ,Modifier,free/unrestricted,freeness/freedom/unrestrictedness,to be free/unrestricted,free/unrestricted,Persian رها rahâ,,Indo-Iranian,-,-,Modifier>,-,X,X,ihamo,.
laki,ʋxı,Noun,line,line/edge,to be a line/edge,line/edge-related,Hindi लकीर lakīr,[l̪ə.kiːɾ],Indo-Iranian,linja,laki,Noun,-,X,.,,.
lamo,ʋɞʃ,Modifier,long,longness/length,to be long,long,Nepali लामो lāmo,[lämo],Indo-Iranian,lamo,lamo,Modifier>,-,.,.,kuto,.
lan,ʋ̄,Quantity,many/a lot,many/a lot,to be many/a lot,very,Vietnamese lắm,[lam˦˥],Austro-Asiatic,mute,nijo,Quantity,-,X,X,jati,.
lanki,ʋ̄xı,Noun,color,color,to be a color,color-related,Swahili rangi,,Niger-Congo,kule,poja,Noun,-,X,X,,.
lansa,ʋ̄ɤ,Verb,to launch (a projectile),a projectile,to launch/throw/shoot,projectile-like/launchable/throwable/shootable,Portuguese lançar,/lɐ̃ˈsaɾ/,Romance,-,-,Verb,-,X,X,,.
lantan,ʋ̄ʌ̄,Verb,to ride (a ride),a ride,to ride,ride-like/rideable,Persian راندن rândan,[ɹɒːn̪.d̪ǽn],Indo-Iranian,ato,ato,Verb,-,X,X,,.
le,ʋȷ,Grammar,verb marker,-,-,-,-,-,Misc,li,li,Grammar,-,X,X,,.
lekin,ʋȷx̄ı,Connector,but,-,-,-,Hindi लेकिन lekin,[l̪eː.kɪ̃n̪],Indo-Iranian,lekin,lekin,Connector,-,.,.,un,.
len,ʋ̄ȷ,Modifier,strong,strength/force,to be strong/forceful,strong/forceful,Thai แรง rɛɛng,/rɛːŋ˧/,Kra-Dai,wawa,pala,Modifier>,-,X,X,uli,.
lenka,ʋ̄ȷx,Noun,arm/hand,arm/hand,to be an arm/hand,arm/hand-related,Polish ręka,/ˈrɛŋ.ka/,Balto-Slavic,luka,luka,Noun,-,X,X,,.
leseka,ʋȷɤȷx,Noun,lattice/array,lattice/array/grid,to be a lattice/array/grid,lattice/array/grid-related,Macedonian решетка rešetka,[ˈrɛʃɛtka],Balto-Slavic,-,-,Noun,-,X,X,,.
lije,ʋıɂȷ,Modifier,related,relatedness/relation,to be related,related,French lié,/lje/,Romance,nata,nata,Modifier>,-,X,X,wi no lije,.
lijule,ʋıɂſʋȷ,Modifier,laughing,merriment/mirth,to be laughing/mirthed,laughing/mirthed,(Valencian) Catalan riure,/ˈriw.ɾe/,Romance,liso,liso,ModifierG,-,X,X,,.
lika,ʋıx,Verb,to write (text),text,to write,text-like/writable,Assamese লিখা likha,,Indo-Iranian,lika,lika,Verb,-,.,.,,.
lili,ʋıʋı,Noun,bump/pit/relief (surface-wise),bump/pit/relief (surface-wise),to be a bump/pit/relief (surface-wise),bump/pit/relief-related (surface-wise),Engish relief,/ɹɪˈliːf/,Germanic,unpa,unpa,Noun,-,X,X,,.
lima,ʋıɞ,Quantity,five,five,to be five,fifth,Ilocano lima,[ˈli.ma],Austronesian,lima,lima,Quantity,-,.,.,,.
limijen,ʋıɞıɂ̄ȷ,Noun,inside,inside region,to be the inside region,inside-related/inner,Mandarin 裡面 lǐmiàn,/li²¹⁴ mi̯ɛn⁴/,Sino-Tibetan,insa,sonsin,Noun,-,X,X,enteken,.
lipan,ʋıʜ̄,Modifier,absent,absence/nonexistence,to be absent/nonexistent,absent/nonexistent,Tagalog liban,[ˈli.bɐn],Austronesian,weka,sujan,Modifier0,-,X,X,se,.
lipu,ʋıʜſ,Noun,sheet,sheet/banner/flag/face (of a shape),to be a sheet/banner/flag/face (of a shape),sheet/banner/flag-related,Finnish lippu,[ˈlipːu],Uralic,lipu,lipu,Noun,-,.,.,,.
lisi,ʋıɤı,Modifier,smooth,smoothness/bluntness,to be smooth/blunt,smooth/blunt,French lisse,/lis/,Romance,lentu,lentu,Modifier0,-,X,X,asa,.
lito,ʋıʌʃ,Modifier,empty/incomplete/unstarted; prospective/antiperfect aspect modifier,emptiness/incompleteness/unstartedness,to be empty/incomplete/unstarted,empty/incomplete/unstarted,Nepali रित्तो ritto,[rit̪̚t̪o],Indo-Iranian,posi,posi,Modifier-,-,X,X,mulu,.
lo,ʋʃ,Modifier,moving,movement,to be moving/to go,moving,Yoruba lọ,/lɔ̄/,Niger-Congo,tawa,awa,Modifier>,-,X,X,patun,.
loku,ʋʃxſ,Quantity,six,six,to be six,sixth,Japanese 六 roku,[ɾo̞kɯ̟],Japonic,sesi,sesi,Quantity,-,X,X,,.
loso,ʋʃɤʃ,Modifier,bad,badness,to be bad,bad,Bulgarian лош loš,[ɫɔʃ],Balto-Slavic,ike,loka,Modifier-,-,X,X,tope,.
luka,ʋſx,Modifier,interrupted; pausative aspect modifier,interruption,to be interrupted,interrupted,Hindi रुका rukā (perfective of रुकना ruknā),[ɾʊ.käː],Indo-Iranian,pake,pake,ModifierG,-,X,X,conca/cunpu,.
lun,ʋ̄ſ,Grammar,causative modifier-forcing derivational marker,-,-,-,-,-,Misc,-,-,Particle,-,X,X,,.
lunti,ʋ̄ſʌı,Modifier,green,greenness,to be green,green,Tagalog lungti,[lʊnˈtiʔ],Austronesian,peta,peta,ModifierG,-,X,X,,.
luwa,ʋſɕ,Noun,spirit/ghost,spirit/ghost/soul,to be a spirit/ghost/soul,spirit/ghost/soul-related,Ashkenazi Hebrew רוּחַ rúakh,/ˈru.aχ/,Afroasiatic,-,-,Noun,-,X,X,,.
maciko,ɞɛıxʃ,Modifier,magical,magicalness/magic,to be magical,magical,Italian magico,/ˈma.d͡ʒi.ko/,Romance,-,-,ModifierG,matiko,X,X,satalan,.
macun,ɞɛ̄ſ,Noun,cream/paste,cream/paste,to be cream/paste,cream/paste-related,Arabic معجون maʕjūn,/maʕ.d͡ʒuːn/,Afroasiatic,ko,masa,Noun,-,X,X,,.
makan,ɞx̄,Verb,to consume (food),food,to eat/drink/consume,food-like/edible,Indonesian makan,/ma.kan/,Austronesian,moku,kana,Verb,-,X,X,,.
maku,ɞxſ,Modifier,male,maleness/masculinity,to be male/masculine,male/masculine,Romanian mascul,[masˈkul],Romance,mije,tane,ModifierG,-,X,X,kike,.
malo,ɞʋʃ,Noun,up,top/above region,to be the top/above region,top-related/above/up,Luo malo,,Nilo-Saharan,wi,wi,Noun,-,X,X,kali,.
mamaki,ɞɞxı,Modifier,surprised,surprise/shock,to be surprised/shocked,surprised/shocked,Hausa mamaki,/màː.máː.kìː/,Afroasiatic,walaja,walaja,ModifierG,-,X,X,,.
mani,ɞƨı,Noun,money,money,to be money,money-related,English money,/ˈmʌni/,Germanic,mani,moni,Noun,-,.,X,,.
mata,ɞʌ,Noun,matter/material,matter/material,to be matter/a material,matter/material-related,Arabic مَادَّة mādda,/maːd.da/,Afroasiatic,-,-,Noun,-,X,X,,.
matija,ɞʌıɂ,Noun,middle,middle/center,to be the middle/center,middle/center-related,Sanskrit मध्य madhya,/məd̪ʱ.jᵊ/,Indo-Iranian,matija,matija,Noun,-,.,.,,.
matin,ɞʌ̄ı,Modifier,previous/prior; past tense modifier,previousness/priorness/past,to be previous/prior,previous/prior/past (time-wise),Arabic مَاضٍ māḍin,/maː.dˤin/,Afroasiatic,pisile,pisile,ModifierG,-,X,X,pote,.
matuwa,ɞʌſɕ,Noun,parent,parent,to be a parent,parent-related,Māori matua,,Austronesian,mama,matu,Noun,-,X,X,menwo,.
meja,ɞȷɂ,Noun,cat,cat/feline,to be a cat/feline,cat/feline-related,Onomatopoeia,-,Misc,meja,meja,Noun,-,.,.,,.
men,ɞ̄ȷ,Preposition,subject marker,-,-,-,-,-,Misc,-,-,Grammar,-,X,X,in,.
menu,ɞȷƨſ,Quantity,less,less,to be less,less,Portuguese menos,/ˈme.nuʃ/,Romance,kata,kata,Quantity,-,X,X,mese,.
menwo,ɞ̄ȷɕʃ,Noun,offspring,child/offspring,to be a child/offspring,child/offspring-related,White Hmong menyuam,/me˧.ɲu̯ə˩̰ˀ/,Hmong-Mien,putala,putala,Noun,-,X,X,matuwa,.
mepu,ɞȷʜſ,Modifier,safe,safety/protection,to be safe/protected,safe/protected,Hindi महफ़ूज़ mahfūz,[mɛɦ.fuːz],Indo-Iranian,sulaki,sulaki,ModifierO,-,X,X,pankosi,.
mese,ɞȷɤȷ,Quantity,more,more,to be more,more,Catalan més,/ˈmes/,Romance,sata,sata,Quantity,-,X,X,menu,.
mi,ɞı,Pronoun,I/me,I/me,to be me,my,Italian mi,/mi/,Romance,mi,mi,Pronoun,-,.,.,,.
micin,ɞıɛ̄ı,Noun,fish,fish,to be a fish,fish-related,Nahuatl michin,[ˈmi.t͡ʃin],Yuto-Nahuatl,kala,pesi,Noun,mitin,X,X,,.
mijalo,ɞıɂʋʃ,Noun,brain/mind,brain/mind,to be a brain/mind,brain/mind-related,Greek μυαλό myaló,/mɲaˈlo/,Hellenic,-,-,Noun,-,X,X,,.
mita,ɞıʌ,Noun,amount,number/value/amount,to be a number/value/amount,number/value/amount-related,Arabic مِقْدَار miqdār,/miq.daːr/,Afroasiatic,nanpa,anka,Noun,-,X,X,,.
momu,ɞʃɞſ,Noun,bovine,cow/bovine,to be a cow/bovine,cow/bovine-related,Onomatopoeia,-,Misc,mu,mu,Noun,-,X,X,,.
moto,ɞʃʌʃ,Noun,fire,fire,to be fire,fire-related,Chichewa/Mwani/Ngungwel/Shona/Swahili moto,/ˈmó.to/,Niger-Congo,moto,moto,Noun,-,.,.,,.
mu,ɞſ,Grammar,agent noun derivational marker,-,-,-,Arabic مُـ mu-,,Afroasiatic,-,-,Grammar,-,X,X,,.
muku,ɞſxſ,Noun,mouth,mouth,to be a mouth,mouth-related,Sindhi مک mukhu,,Indo-Iranian,uta,kuti,Noun,-,X,X,,.
mulu,ɞſʋſ,Modifier,complete; perfect aspect modifier,fullness/completeness,to be full/complete,full/complete,Tamil முழு muḻu,[muɻɯ],Dravidian,mulu,mulu,Modifier+,-,.,.,lito,.
muncu,ɞ̄ſɛſ,Modifier,sour,sourness,to be sour,sour,Xhosa -muncu,,Niger-Congo,wawasa,wawasa,ModifierG,-,X,X,,.
musi,ɞſɤı,Noun,arthropod/bug,bug/insect/arthropod,to be a bug/insect/arthropod,bug/insect/arthropod-related,Japanese 虫 mushi,/muɕi/,Japonic,pipi,poka,Noun,-,X,X,,.
mutakin,ɞſʌx̄ı,Modifier,straight,straightness,to be straight,straight,Arabic مُسْتَقِيم mustaqīm,/mus.ta.qiːm/,Afroasiatic,-,-,Modifier0,-,X,X,wanku,.
muwesi,ɞſɕȷɤı,Noun,moon/month,moon/month,to be the moon/a month,moon/month-related,Chichewa mwezi,/ˈmʷe.zí/,Niger-Congo,mun,luna,Noun,-,X,X,,.
na,ƨ,Pronoun,that,that,to be that,that,Mandarin 那 nà,/nä⁵¹/,Sino-Tibetan,na,na,Pronoun,-,.,.,ne,.
naki,ƨxı,Modifier,clean,cleanliness,to be clean,clean,Hebrew נקי naki,,Afroasiatic,sapi,sapi,ModifierO,-,X,X,kawa,.
nalan,ƨʋ̄,Modifier,soft,softness,to be soft,soft,Hindi नरम naram,[n̪ə.ɾə̃m],Indo-Iranian,nalama,nalama,Modifier0,-,X,X,kijeta,.
nalinca,ƨʋ̄ıɛ,Modifier,orange,orangeness,to be orange,orange,Telugu నారింజ nāriñja,[n̪aːɾiɲd͡ʒa],Dravidian,-,-,ModifierG,-,X,X,,.
namu,ƨɞſ,Noun,tree,wood/tree,to be wood/a tree,wood/tree-related,Korean 나무 namu,[na̠mu],Koreic,kaje,kaje,Noun,-,X,X,,.
namuna,ƨɞſƨ,Noun,example,example/sample,to be an example/sample,example/sample-related,Marathi नमूना namunā,[n̪ə.muː.n̪äː],Indo-Iranian,misali,misali,Noun,-,X,X,,.
nan,ƨ̄,Verb,to be able (an ability),an ability,to be able (to do),ability-like/able-to-be-done,Cantonese 能 nang,/nɐŋ²¹/,Sino-Tibetan,ken,etan,Verb,-,X,X,,.
nankin,ƨ̄x̄ı,Modifier,salty,saltiness,to be salty,salty,Hindi नमकीन namkīn,,Indo-Iranian,nun,nun,ModifierG,-,X,X,,.
nanku,ƨ̄xſ,Quantity,four,four,to be four,fourth,Tamil நான்கு nāṉku,[n̪aːnkɯ],Dravidian,po,po,Quantity,-,X,X,,.
napa,ƨʜ,Modifier,pure,purity/homogeneity/sortedness,to be pure/homogeneous/sorted,pure/homogenous/sorted,Persian ناب nâb,,Indo-Iranian,pawita,pawita,ModifierO,-,X,X,huwonho,.
nase,ƨɤȷ,Modifier,intoxicated,intoxication,to be intoxicated,intoxicated,Persian نشئه naš'e,[næːˈʃe],Indo-Iranian,kanja,kanja,ModifierG,-,X,X,tomiwa,.
ne,ƨȷ,Pronoun,this,this,to be this,this,Tetum ne'e,,Austronesian,ni,ni,Pronoun,-,X,X,na,.
neje,ƨȷɂȷ,Noun,horse,horse/equine,to be a horse/equine,horse/equine-related,Onomatopoeia,-,Misc,neje,neje,Noun,-,.,.,,.
nelo,ƨȷʋʃ,Modifier,black,blackness/darkness,to be black/dark,black/dark,Italian nero,/ˈne.ro/,Romance,pimeja,kapu,ModifierG,-,X,X,,.
nenka,ƨ̄ȷx,Preposition,because of,-,-,-,Zulu ngenxa,,Niger-Congo,nen,nen,Preposition,-,X,X,,.
nepa,ƨȷʜ,Modifier,unlikely/rare,unlikeliness/rarity,to be unlikely/rare,unlikely/rare,Norwegian neppe,/²nɛp.pə/,Germanic,-,-,Modifier0,-,X,X,konen,.
neso,ƨȷɤʃ,Modifier,new/young,novelty/youth,to be new/young,new/young,Greek νέος néos,/ˈne.os/,Hellenic,sin,sin,Modifier0,-,X,X,cune,.
niku,ƨıxſ,Noun,meat/muscle,meat/muscle,to be meat/muscle,meat/muscle-related,Japanese 肉 niku,[ɲ̟ikɯ̟ᵝ],Japonic,umami,umami,Noun,-,X,X,,.
nile,ƨıʋȷ,Modifier,blue,blueness,to be blue,blue,Marathi निळे niḷe,,Indo-Iranian,laso,nile,ModifierG,-,X,.,,.
nin,ƨ̄ı,Noun,person,person,to be a person,person-related,Gan 人 nyin,/n̠ʲin³⁵/,Sino-Tibetan,jan,insan,Noun,-,X,X,,.
niwa,ƨıɕ,Verb,to reside in (a residence),a residence/home,to reside/live (in),home-like/residable,Hindi निवास nivās,[n̪ɪ.ʋäːs̪],Indo-Iranian,-,-,Verb,-,X,X,,.
no,ƨʃ,Grammar,negator particle,-,-,-,English no,/noʊ/,Germanic,no,no,Grammar,-,.,.,,.
non,ƨ̄ʃ,Noun,group,group/collection considered as a whole,to be a group/collection,group/collection-related,Vietnamese nhóm ,[ɲɔm˦˥],Austro-Asiatic,kulupu,kunti,Noun,-,X,X,,.
nula,ƨſʋ,Quantity,zero,zero,to be zero,zeroth,Czech/Serbo-Croatian/Slovak nula,[ˈnula],Balto-Slavic,no,nula,Quantity,-,X,.,,.
o,oʃ,Grammar,imperative verb marker,-,-,-,-,-,Misc,o,u,Grammar,-,.,X,,.
ocota,oʃɛʃʌ,Verb,to worship/idolize/god (a god/deity),god/deity,to worship/idolize/god,god/deity-like/divine,Atakapa o'tsotat,,Misc,-,-,Noun,otota,X,X,,.
oke,oʃxȷ,Verb,to accept/permit (a concession/right),a concession/right/accepted thing/permitted thing,to accept/permit,concession-like/right-like/acceptable/permittable,English okay,/ˌoʊˈkeɪ/,Germanic,oke,oke,Verb,-,.,.,,.
okutu,oʃxſʌſ,Modifier,hidden/covered,hiddenness/coveredness,to be hidden/covered,hidden/covered,Latin occultus,,Romance,-,-,Modifier0,tisilin,X,X,polota,.
onin,oʃƨ̄ı,Modifier,orderly,orderliness/order,to be orderly,orderly,Swedish ordning,[ˈoːɖˌnɪŋː],Germanic,-,-,ModifierO,-,X,X,haso,.
onko,ōʃxʃ,Noun,fungus,fungus/mushroom,to be a fungus/mushroom,fungus/mushroom-related,Spanish hongo,[ˈõŋ.ɡo],Romance,soko,onko,Noun,-,X,.,,.
onton,ōʃʌ̄ʃ,Verb,to wear (clothing),clothing,to wear,clothing-like/wearable,Yiddish אָנטאָן onton,/ˈɔnˌtɔn/,Germanic,len,kapata,Verb,-,X,X,,.
opoki,oʃʜʃxı,Modifier,horizontal,horizontalness,to be horizontal,horizontal,Persian افقی ofoqi,[ʔo.fo.ʁiː],Indo-Iranian,-,-,Modifier0,-,X,X,inalo,.
opotu,oʃʜʃʌſ,Modifier,opposite,oppositeness,to be opposite,opposite,Portuguese oposto,/ɔˈpoʃ.tu/,Romance,ta,jasi,ModifierG,-,X,X,saman,.
osa,oʃɤ,Noun,part/piece,part/piece,to be a part/piece,part/piece-related,Finnish osa,[ˈo̞s̠ɑ̝],Uralic,osa,osa,Noun,-,.,.,,.
osole,oʃɤʃʋȷ,Modifier,afraid,fear,to be scared,scared,Japanese 恐れ osore,[o̞so̞ɾe̞],Japonic,monsuta,monsuta,ModifierG,-,X,X,,.
otawe,oʃʌɕȷ,Verb,to fulfill (a purpose/function) ,purpose/function,to fulfill,purpose-like/function-like/fulfillable,Estonian otstarve,[ˈots(ˌ)tɑrve̞],Uralic,-,-,Verb,-,X,X,,.
oti,oʃʌı,Noun,bone,bone,to be a bone,bone-related,Bengali অস্থি osthi,[ˈos.t̪ʰi],Indo-Iranian,-,-,Noun,-,X,X,,.
pa,ʜ,Verb,to touch (a surface),a surface/skin,to touch/contact/feel (physically),surface-like/touchable/feelable (physically),Māori pā,/ˈpaː/,Austronesian,awo,awo,Verb,-,X,X,,.
pajan,ʜɂ̄,Noun,left,left (side),to be the left (side),leftside-related/left(hand),Hindi बायाँ bāyā̃,[bäː.jä̃ː],Indo-Iranian,soto,soto,Noun,-,X,X,jamin,.
pan,ʜ̄,Grammar,causative agent noun derivational marker,-,-,-,Indonesian peng-,/pəŋ/,Austronesian,-,-,Particle,-,X,X,,.
pani,ʜƨı,Noun,water/liquid,water/liquid,to be water/a liquid,water/liquid-related,Bhojpuri पानी pānī,,Indo-Iranian,telo,pani,Noun,-,X,.,,.
pankosi,ʜ̄xʃɤı,Modifier,endangered,endangerment,to be endangered/in danger,endangered/in-danger,Chichewa/Shona pangozi,,Niger-Congo,pilate,pilate,ModifierC,-,X,X,mepu,.
panli,ʜ̄ʋı,Modifier,split,splitness/division,to be split/divided,split/divided,Cantonese 分裂 fan lit,/fɐn⁵⁵ liːt̚²/,Sino-Tibetan,kipisi,tipi,ModifierG,-,X,X,kisowa/unitu,.
pansin,ʜ̄ɤ̄ı,Noun,square/rectangle,square/rectangle,to be a square/rectangle,square/rectangle-related,Mandarin 方形 fāngxíng,/fɑŋ⁵⁵ ɕiŋ³⁵/,Sino-Tibetan,leko,leko,Noun,-,X,X,,.
panta,ʜ̄ʌ,Modifier,closed,closedness,to be closed,closed,Marathi बंद banda,/bən.d̪ə/,Indo-Iranian,-,-,Modifier0,-,X,X,kula,.
papon,ʜʜ̄ʃ,Verb,to emit (excreta),excreta/an ejected thing,to emit/eject/excrete,excreta-like/emittable/ejectable/excretable,Cantonese 排放 paaifong,/pʰaːi̯²¹ fɔːŋ³³/,Sino-Tibetan,papon,papon,Verb,-,.,.,,.
pasan,ʜɤ̄,Modifier,happy,happiness,to be happy,happy,Hindi प्रसन्न prasann,,Indo-Iranian,pasan,pasan,ModifierG,-,.,.,,.
pasu,ʜɤſ,Modifier,false,falseness/fakeness,to be false/fake,false/fake,Portuguese falso,[ˈfaɫ.su],Romance,powe,powe,ModifierG,-,X,X,hakiki,.
pata,ʜʌ,Verb,to read (a document),a document/book/sign,to read,document-like/readable,Sanskrit पाठ pāṭha,,Indo-Iranian,-,-,Verb,-,X,X,,.
patun,ʜʌ̄ſ,Modifier,unmoving,stillness,to be still/unmoving,still/unmoving,Cantonese 不動 bat dung,/pɐt̚⁵ tʊŋ²²/,Sino-Tibetan,awen,jenka,ModifierG,-,X,X,konpa/lo/tawawa,X
pawo,ʜɕʃ,Noun,dog,dog/canine,to be a dog/canine,dog/canine-related,Onomatopoeia,-,Misc,pawo,pawo,Noun,-,.,.,,.
peko,ʜȷxʃ,Grammar,hello/bye/please/thank you/sorry; polite clause ender,-,-,-,Italian prego,/ˈprɛ.ɡo/,Romance,peko,peko,Grammar,-,.,.,,.
pela,ʜȷʋ,Verb,to feel (an emotion),an emotion,to feel (emotion-wise),emotion-like/feelable (emotion-wise),Danish føle,[ˈføːlə],Germanic,pilin,senti,Verb,-,X,X,,.
pelete,ʜȷʋȷʌȷ,Noun,wall,wall,to be a wall,wall-related,Romanian perete,[peˈrete],Romance,tiwa,tiwa,Noun,-,X,X,,.
peman,ʜȷɞ̄,Verb,to agree to/promise (a promise/oath),an agreement/promise/oath,to agree to/promise,agreement-like/promise-like/oath-like/promisable,Persian پیمان peymân,/pejˈmɒːn/,Indo-Iranian,peman,peman,Verb,-,.,.,,.
pen,ʜ̄ȷ,Verb,to understand (a concept),a concept,to understand,concept-like/understandable,Maltese fehem,/fɛːm/,Afroasiatic,konta,konta,Verb,-,X,X,,.
penpe,ʜ̄ȷʜȷ,Modifier,white,whiteness,to be white,white,Kongo mpembe,,Niger-Congo,walo,wita,ModifierG,-,X,X,,.
pese,ʜȷɤȷ,Verb,to await (an expectation),an expectation/awaited thing,to await/expect,expectation-like/expectable,Albanian pres,,Albanian,intisa,intisa,Verb,-,X,X,,.
pesuwan,ʜȷɤſɕ̄,Verb,to need (a requirement),a need/requirement,to need/require,requirement-like/needable/requirable/necessary,French besoin,/bə.zwɛ̃/ (/bø.zwæ̃/),Romance,pesoni,pesoni,Verb,-,X,X,,.
pi,ʜı,Preposition,at,-,-,-,Bulgarian при pri,[pri],Balto-Slavic,an,an,Preposition,-,X,X,,.
pice,ʜıɛȷ,Noun,back,back/behind region,to be the back/behind region,back-related/backward,Hindi पीछे pīche,,Indo-Iranian,monsi,pise,Noun,pite,X,X,polan,.
picijo,ʜıɛıɂʃ,Noun,leg/foot,leg/foot,to be a leg/foot,leg/foot-related,Romanian picior,/piˈt͡ʃjor/,Romance,noka,tetima,Noun,pitijo,X,X,,.
pijen,ʜıɂ̄ȷ,Verb,to become (a transformation),a transformation/final state,to become/transform into,transformation-like/transformed-into/becomable,Mandarin 變 biàn,/pi̯ɛn⁵¹/,Sino-Tibetan,kama,ipa,Verb,-,X,X,,.
pikante,ʜıx̄ʌȷ,Modifier,spicy,spiciness,to be spicy,spicy,Spanish picante,[piˈkãn̪.t̪e],Romance,masala,masala,ModifierG,-,X,X,,.
pilu,ʜıʋſ,Modifier,victorious/successful,victoriousness/victory/successfulness/success,to be victorious/successful,victorious/successful,Persian پیروز piruz,[pʰiː.ɹúːz],Indo-Iranian,wisaja,wisaja,Modifier+,wita (witi),X,X,sipa,.
pinko,ʜ̄ıxʃ,Verb,to assess/evaluate (an evaluand/evaluatee),evaluand/evaluatee,to assess/evaluate,evaluand/evaluatee-like,Southern Min 評估 phêng-kó͘,/pʰiɪŋ²⁴⁻²² kɔ⁵³/,Sino-Tibetan,-,-,Verb,-,X,X,,.
pintan,ʜ̄ıʌ̄,Noun,star/year,star/year,to be a star/year,star/year-related,Malay bintang,/bintaŋ/,Austronesian,wetu,wetu,Noun,-,X,X,,.
pintu,ʜ̄ıʌſ,Noun,dot,dot/point,to be a dot/point,dot/point-related,Hindi बिंदु bindu,[bɪ̃n̪.d̪uː],Indo-Iranian,-,-,Noun,-,X,X,,.
po,ʜʃ,Preposition,for,-,-,-,English for,/fɔɹ/,Germanic,-,polo,Preposition,-,X,X,,.
polan,ʜʃʋ̄,Noun,forward,front/forward region,to be the front/forward region,front-related/forward,German voran,/foˈʁan/,Germanic,sinpin,polan,Noun,-,X,.,pice,.
poloko,ʜʃʋʃxʃ,Noun,block,block/brick,to be a block/brick,block/brick-related,Italian blocco,/ˈblɔk.ko/,Romance,leko,leko,Noun,-,X,X,,.
polota,ʜʃʋʃʌ,Modifier,exposed/naked,exposedness/nakedness,to be exposed/naked,exposed/naked,Swedish blottad,,Germanic,-,-,Modifier>,-,X,X,okutu,.
pon,ʜ̄ʃ,Verb,to cause (an effect),an effect/result,to cause,effect/result-like/causable,Thai ผล pǒn,/pʰon˩˩˦/,Kra-Dai,kake/wa,kake/wa,Verb,-,X,X,,.
posa,ʜʃɤ,Verb,to form [pose-wise] (a position),a pose/position,to form (pose-wise),pose-like/position-like/formable (pose-wise),Spanish posar,[poˈsaɾ],Romance,-,-,Verb,-,X,X,,.
pote,ʜʃʌȷ,Modifier,next; future tense modifier,nextness/future,to be next,next/future,Bulgarian бъ́дещ bǎ́dešt,[ˈbɤdɛʃt],Balto-Slavic,akile,akile,ModifierG,pututi,X,X,matin,.
powele,ʜʃɕȷʋȷ,Noun,powder,powder/dust,to be powder/dust,powder/dust-related,Italian polvere,/ˈpol.ve.re/,Romance,woka,woka,Noun,-,X,X,,.
pucun,ʜſɛ̄ſ,Verb,to obey (a rule),a rule/law,to obey,rule/law-like/obeyable,Mandarin 服從 fúcóng,/fu³⁵ t͡sʰʊŋ³⁵/,Sino-Tibetan,kanun/puson,kanun/puson,Verb,putun,X,X,,.
puka,ʜſx,Modifier,heavy,heaviness/weight,to be heavy,heavy,Cebuano bug-at,[bʊɡˈʔat̪],Austronesian,epi,epi,Modifier>,-,X,X,haluko,.
pula,ʜſʋ,Modifier,brown,brownness,to be brown,brown,Hindi भूरा bhūrā,[bʱuː.ɾäː],Indo-Iranian,kapesi,(kapesi),ModifierG,-,X,X,,.
pulusi,ʜſʋſɤı,Noun,reptile,reptile,to be a reptile,reptile-related,Chichewa buluzi,,Niger-Congo,aketi,wenja,Noun,-,X,X,,.
pumi,ʜſɞı,Noun,land,land/earth,to be land/earth,land/earth-related,Sanskrit भूमि bhū́mi,/ˈbʱuː.mi/,Indo-Iranian,ma,pumi,Noun,-,X,.,,.
sa,ɤ,Pronoun,self,oneself,to be oneself,self's,Slovak sa,/sa/,Balto-Slavic,-,-,Pronoun,-,X,X,usen,.
saka,ɤx,Quantity,nine,nine,to be nine,ninth,Somali sagáal,,Afroasiatic,newen,newen,Quantity,-,X,X,,.
sala,ɤʋ,Noun,atom,particle/atom,to be a particle/atom,particle/atom-related,Arabic ذَرَّة ḏarra,/ðar.ra/,Afroasiatic,sala,sala,Noun,-,.,.,,.
salila,ɤʋıʋ,Noun,body,body/torso,to be a body/torso,body/torso-related,Sanskrit शरीर śarīra,,Indo-Iranian,tijelo,paliko,Noun,-,X,X,,.
saman,ɤɞ̄,Modifier,equal/same,sameness/similarity/equality,to be equal/the same,equal/same,Hindi समान samān,[s̪əˈmã(ː)n̪],Indo-Iranian,sama,saman,ModifierG,-,X,.,opotu/sone,.
saminta,ɤɞ̄ıʌ,Modifier,ashamed,shame/embarrassment,to be ashamed/embarrassed,ashamed/embarrassed,Hindi शरमिंदा śarmindā,[ʃəɾ.mɪ̃n̪.d̪äː],Indo-Iranian,apeja,apeja,ModifierG,-,X,X,,.
samo,ɤɞʃ,Modifier,only,aloneness/exclusiveness,to be alone/exclusive,alone/only/exclusively,Serbo-Croatian са̏мо sȁmo,[ˈsamo],Balto-Slavic,taso,puko,Modifier-,-,X,X,uta,.
san,ɤ̄,Quantity,three,three,to be three,third,Mandarin 三 sān,/sän⁵⁵/,Sino-Tibetan,san,san,Quantity,-,.,.,,.
sankan,ɤ̄x̄,Modifier,important,importance/significance,to be important/significant,important/significant,Thai สำคัญ sǎm-kan,/sam˩˩˦.kʰan˧/,Kra-Dai,sankan,sankan,Modifier>,-,.,.,wi no sankan,.
santi,ɤ̄ʌı,Modifier,calm,calmness,to be calm,calm,Thai สันติ sǎn-dtì,/san˩˩˦.tiʔ˨˩/,Kra-Dai,santi,santi,ModifierG,-,.,.,,.
sapi,ɤʜı,Verb,to record (data/a recording),data/a recording,to record,data-like/recording-like/recordable,Russian за́пись zápisʹ,[ˈzapʲɪsʲ],Balto-Slavic,-,-,Verb,-,X,X,,.
sapole,ɤʜʃʋȷ,Verb,to taste (a flavor),a flavor,to taste,flavour-like/tastable,Italian sapore,/saˈpo.re/,Romance,-,-,Verb,-,X,X,,.
satalan,ɤʌʋ̄,Modifier,normal,normality/ordinariness/standardness,to be normal/ordinary/standard,normal/ordinary/standard,Hindi साधारण sādhāraṇ,[s̪äː.d̪ʱäː.ɾə̃ɳ],Indo-Iranian,satalan,satalan,ModifierG,-,.,.,kikuwa/maciko,.
satilu,ɤʌıʋſ,Modifier,loose,looseness,to be loose,loose,Kannada ಸಡಿಲು saḍilu,,Dravidian,-,-,Modifier0,olon,X,X,tati,.
satu,ɤʌſ,Modifier,sweet,sweetness,to be sweet,sweet,Icelandinc sætur,/ˈsaiːtʏr/,Germanic,suwi,suka,ModifierG,-,X,X,,.
se,ɤȷ,Modifier,existent,existence,to be existent,existent,Min Dong 是 sê,/sɛi²⁴²/,Sino-Tibetan,lon,ese,Modifier>,-,X,X,lipan,.
sekano,ɤȷxƨʃ,Modifier,close/near,closeness/nearness,to be close/near,close/near,Spanish cercano,[θeɾˈka.no],Romance,-,-,Modifier0,-,X,X,tula,.
sema,ɤȷɞ,Verb,to hear (a sound/audio),a sound/audio,to hear,sound/audio-like/hearable/audible,Hebrew שֵׁמַע shéma,/ˈʃe.ma/,Afroasiatic,kalama/tinto,kalama/tinto,Verb,-,X,X,,.
sepo,ɤȷʜʃ,Modifier,yellow,yellowness,to be yellow,yellow,Tibetan སེར་པོ ser po,,Sino-Tibetan,jelo,onse,ModifierG,-,X,X,,.
setan,ɤȷʌ̄,Quantity,seven,seven,to be seven,seventh,Serbo-Croatian sȅdam,/sêdam/,Balto-Slavic,sepen,sepen,Quantity,-,X,X,,.
sijen,ɤıɂ̄ȷ,Quantity,hundred,hundred,to be a hundred,hundredth,Spanish cien,[ˈθjẽn],Romance,kenta,kenta,Quantity,-,X,X,,.
sikin,ɤıx̄ı,Noun,event,event,to be an event,event-related,Cantonese 事件 si gin,/siː²² kiːn²²⁻³⁵/,Sino-Tibetan,-,-,Noun,-,X,X,,.
sila,ɤıʋ,Noun,head,head,to be a head,head-related,Sanskrit शिरस् śíras,/ɕí.ɾɐs/,Indo-Iranian,lawa,kapala,Noun,-,X,X,,.
sin,ɤ̄ı,Noun,thing,thing,to be a thing,thing-related,English thing,/θɪŋ/,Germanic,sa,sa,Noun,-,X,X,,.
sincuwan,ɤ̄ıɛſɕ̄,Noun,shape/form,shape/form,to be a shape/form,shape/form-related,Mandarin 形狀 xíngzhuàng,/ɕiŋ³⁵ ʈ͡ʂu̯ɑŋ⁵¹/,Sino-Tibetan,-,-,Noun,sintuwan,X,X,,.
sinsi,ɤ̄ıɤı,Noun,town/city,town/city,to be a town/city,town/city-related,Cantonese 城市 sing si,/sɪŋ²¹ siː¹³/,Sino-Tibetan,naka,naka,Noun,-,X,X,honja,.
sipa,ɤıʜ,Modifier,defeated/unsuccessful ,defeatedness/vanquishment/unsuccessfulness,to be defeated/unsuccessful ,defeated/unsuccessful ,Mandarin 失敗 shībài,/ʂʐ̩⁵⁵ paɪ̯⁵¹/,Sino-Tibetan,sipaja,sipaja,Modifier-,-,X,X,pilu,.
sitija,ɤıʌıɂ,Verb,to sit on (a seat),a seat,to sit (on),seat-like/sit-on-able,Icelandic sitja,/ˈsɪːtja/,Germanic,siten,siten,Verb,-,X,X,,.
sito,ɤıʌʃ,Noun,bread/grain,bread/cereal product,to be bread/a cereal product,bread/cereal-related,Ancient Greek σῖτος sîtos,/ˈsi.tos/,Hellenic,pan,pan,Noun,-,X,X,,.
so,ɤʃ,Grammar,in contrast/comparison to; comparison marker,-,-,-,Vietnamese so,[ʂɔ˧˧]/[sɔ˧˧],Austro-Asiatic,su,su,Preposition,-,X,X,,.
solu,ɤʃʋſ,Verb,to ask (a question),a question/query,to ask,question-like/askable,Turkish soru,/ˈsɔː.ru/,Turkic,solu,solu,Verb,-,.,.,cawapu,.
sone,ɤʃƨȷ,Modifier,different,difference,to be different,different,Hebrew שׁוֹנֶה shoné,,Afroasiatic,ante,akala,ModifierG,-,X,X,saman,.
sopa,ɤʃʜ,Noun,side/beside,side/beside(/vicinity/proximity?),to be the side/beside,side-related,Japanese 側 soba,[so̞ba̠],Japonic,poka,pase,Noun,-,X,X,,.
soto,ɤʃʌʃ,Noun,sort/type,sort/type/category,to be a sort/type/category,sort/type/category-related,French sorte,/sɔʁt/,Romance,kalite,kalite,Noun,-,X,X,,.
suki,ɤſxı,Verb,to like (a preference),a preference/liked thing,to like,preference-like/likable,Japanese 好き suki,[sɯᵝ˦.ki˨],Japonic,-,-,Verb,-,X,X,,.
sula,ɤſʋ,Modifier,easy,easiness/simplicity,to be easy,easy/simple,Hindi सुलभ sulabh,[s̪ʊ.l̪əbʱ],Indo-Iranian,patila,patila,ModifierO,-,X,X,katin,.
sun,ɤ̄ſ,Preposition,from,-,-,-,Wu 從 zon,/z̥ʊŋ²³/,Sino-Tibetan,tan,tan,Preposition,-,X,X,ki,.
sunaja,ɤſƨɂ,Modifier,purple,purpleness,to be purple,purple,Hausa shunayya,,Afroasiatic,-,-,ModifierG,-,X,X,,.
sunkan,ɤ̄ſx̄,Modifier,instantaneous,instantaneousness/instant/second (unit),to be instantaneous,instantaneous,Min Nan 瞬間 sùn-kan,/suŋ²¹³⁻⁵⁵ kaŋ³³/,Sino-Tibetan,penke,penke,ModifierG,-,X,X,,.
suwina,ɤſɕıƨ,Noun,pig,pig/swine,to be a pig/swine,pig/swine-related,Serbo-Croatian svínja,/sʋǐːɲa/,Balto-Slavic,soweli,soweli,Noun,-,X,X,,.
ta,ʌ,Grammar,relative clause marker,-,-,-,-,-,Misc,te,ta,Grammar,-,X,.,,.
tajali,ʌɂʋı,Modifier,ready/prepared,readiness/preparedness,to be ready/prepared,ready/prepared,Swahili tayari,,Niger-Congo,komumo,komumo,Modifier>,-,X,X,wi no tajali,.
tajen,ʌɂ̄ȷ,Verb,to hate (a hated entity),a hated thing,to hate/dislike,hatable/dislikable,Mandarin 討厭 tǎoyàn,/tʰɑʊ̯²¹⁴⁻²¹ jɛn⁵¹/,Sino-Tibetan,-,-,Verb,-,X,X,amo,.
takaha,ʌxɵ,Modifier,violent,violence,to be violent,violent,Māori taikaha,,Austronesian,utala,atake,ModifierG,taka,X,X,,.
takilo,ʌxıʋʃ,Noun,cone,cone,to be a cone,cone-related,Tagalog tagilog,[tɐ.ɣɪˈloɡ],Austronesian,popoto,popoto,Noun,-,X,X,,.
talika,ʌʋıx,Noun,method,method/system/way,to be a method/system/way,method/system/way-related,Arabic طَرِيقَة ṭarīqa,/tˤa.riː.qa/,Afroasiatic,tisi,tisi,Noun,-,X,X,,.
talili,ʌʋıʋı,Noun,finger/toe,finger/toe/digit,to be a finger/toe/digit,finger/toe/digit-related,Tagalog daliri,[dɐˈli.ɾɪʔ],Austronesian,talili,talili,Noun,-,.,.,,.
talun,ʌʋ̄ſ,Modifier,young,youngness/youthfulness,to be young,young,Marathi तरुण taruṇ,[t̪ə.ɾuːɳ],Indo-Iranian,-,-,Modifier0,-,X,X,cune,.
tamaka,ʌɞx,Noun,explosion/blast,explosion/blast,to be an explosion/blast,explosion/blast-related,Urdu دَھماکَہ dhamākah,/d̪ʱə.mɑː.kɑ(ːɦ)/,Indo-Iranian,-,-,Noun,-,X,X,,.
tamin,ʌɞ̄ı,Verb,to predict/guess (a prediction/guess),a prediction/guess,to predict/guess,prediction-like/guess-like,Turkish tahmin,/tahˈmin/,Turkic,unpa,unpa,Modifier>,-,X,X,,.
tan,ʌ̄,Connector,then,-,-,-,Dutch dan,/dɑn/,Germanic,-,-,Connector,-,X,X,,.
tapala,ʌʜʋ,Noun,shelf/plate,shelf/plate,to be a shelf/plate,shelf/plate-related,Switzerland French tablard,/ta.blaʁ/,Romance,supa,tapele,Noun,-,X,X,,.
tason,ʌɤ̄ʃ,Verb,to intend/plan/design (an intention/plan/design),intention/plan/design,to intend/plan/design,intention-like/plan-like/design-like/plannable/designable,Hakka 打算 tá-son,/ta³¹ son⁵⁵/,Sino-Tibetan,unpa,unpa,Modifier>,-,X,X,,.
tasuwi,ʌɤſɕı,Verb,to draw (a picture),a drawing/picture,to draw,drawing-like/drawable,Arabic تَصْوِير taṣwīr,/tasˤ.wiːr/,Afroasiatic,sitelen,tasawi,Verb,-,X,X,,.
tati,ʌʌı,Modifier,tight/firm,tightness/firmness,to be tight/firm,tight/firm,English tight,/taɪt/,Germanic,tepaka,tepaka,Modifier>,-,X,X,satilu,.
tawawa,ʌɕɕ,Modifier,turning/spinning/rotating,spin/rotation,to be turning/spinning/rotating,turning/spinning/rotating,Pashto تاوول tâwawël,/tɑwaˈwəl/,Indo-Iranian,unpa,unpa,Modifier>,-,X,X,patun,.
tawe,ʌɕȷ,Noun,hair/fur/plumage,hair/fur/plumage,to be hair/fur/plumage,hair/fur/plumage-related,Guaraní tague,/ta.ˈɰʷe/,Tupian,jun,jun,Noun,-,X,X,,.
te,ʌȷ,Grammar,relative clause verb marker,-,-,-,-,-,Misc,te,ti,Grammar,-,.,X,,.
teka,ʌȷx,Verb,to see (a view),a sight/view,to see/look at,view-like/visible,Hindi देखा dekhā (perfective of देखना dekhnā),[d̪eːkʰäː],Indo-Iranian,lukin,si,Verb,-,X,X,,.
ten,ʌ̄ȷ,Noun,time,time,to be a time,time-related,Catalan temps,/ˈtems/,Romance,tenpo,tenpo,Noun,-,X,X,jan,.
tene,ʌȷƨȷ,Verb,to give (a gift),a gift,to give,gift-like/givable,Marathi देणे deṇe,,Indo-Iranian,pana,kupa,Verb,-,X,X,alu,.
teneme,ʌȷƨȷɞȷ,Verb,to try (a trial),a trial/test,to try/attempt,trial-like/test-like/triable/testable/attemptable,Turkish denemek,/de.ne.ˈmec/,Turkic,kokan,kokan,Verb,-,X,X,,.
tenja,ʌ̄ȷɂ,Modifier,thick,thickness,to be thick,thick,Sesotho tenya,,Niger-Congo,epi,epi,Modifier>,-,X,X,cenci,.
tepu,ʌȷʜſ,Modifier,starting; inceptive aspect modifier,startingness/start,to be starting,starting,French début,"/de.by/",Romance,open,initu,ModifierG,-,X,X,,.
tijante,ʌıɂ̄ʌȷ,Verb,to focus [on]/pay attention [to] (a focus),a focus/topic/center of attention,to focus [on]/pay attention [to],focus-like/topic-like/focus-on-able,Hindi ध्यान दे dhyān de,/d̪ʱjɑːn/+/d̪eː/,Indo-Iranian,tijan,tijan,Verb,-,X,X,,.
tiju,ʌıɂſ,Quantity,ten,ten,to be ten,tenth,Swedish tio, /ˈtiːˌʊ/,Germanic,ten,ten,Quantity,-,X,X,,.
tiku,ʌıxſ,Modifier,dead,deadness/death,to be dead,dead,Yoruba ti kú,/tī/+/kú/,Niger-Congo,moli,oku,Modifier0,-,X,X,haja,.
tile,ʌıʋȷ,Modifier,slow,slowness,to be slow,slow,Hindi धीरे dhīre,/d̪ʱiː.ɾeː/,Indo-Iranian,tile,tile,Modifier0,-,.,.,wiki,.
tinki,ʌ̄ıxı,Noun,rank,rank,to be a rank,rank-related,Taiwanese Hokkien 等級 téng-kip,/tiɪŋ⁵³⁻⁴⁴ kip̚³²/,Sino-Tibetan,-,-,Noun,-,X,X,,.
tipa,ʌıʜ,Noun,container,container,to be a container,container-related,Hindi डिब्बा ḍibbā,[ˈɖɪbːa(ː)],Indo-Iranian,tapa,tapa,Noun,-,X,X,,.
titan,ʌıʌ̄,Noun,direction/path,direction/path,to be a direction/path,direction/path-related,Thai ทิศทาง tít-taang,/tʰit̚˦˥.tʰaːŋ˧/,Kra-Dai,nasin,kamino,Noun,-,X,X,,.
titi,ʌıʌı,Noun,breast/chest,breast/chest,to be a breast/chest,breast/chest-related,Swahili titi,,Niger-Congo,titi,titi,Noun,-,.,.,,.
tolu,ʌʃʋſ,Noun,tube,tube/pipe,to be a tube/pipe,tube/pipe-related,Estonian toru,,Uralic,tolu,tolu,Noun,-,.,.,,.
tomiwa,ʌʃɞıɕ,Modifier,functional,functionality,to be functional,functional,Finnish toimiva,[ˈt̪o̞i̯miʋɑ̝],Uralic,-,-,ModifierG,-,X,X,kapu/nase,.
tonko,ʌ̄ʃxʃ,Modifier,hurting/suffering,pain/suffering,to be hurting/suffering,hurting/suffering,Min Nan 痛苦 thòng-khó͘ ,/tʰɔŋ²¹⁻⁵³ kʰɔ⁵³/,Sino-Tibetan,kuton,kuton,ModifierG,-,X,X,,.
tope,ʌʃʜȷ,Modifier,good,goodness,to be good,good,Ukranian добрий dóbryj,[ˈdɔbrei̯],Balto-Slavic,pona,tope,Modifier+,-,X,.,loso,.
tu,ʌſ,Pronoun,you,you,to be you,your,Latin tū,[t̪uː],Romance,si,tu,Pronoun,-,X,.,,.
tuko,ʌſxʃ,Modifier,hot,hotness/heat,to be hot,hot,Korean 뜨겁다 tteugeopda,[t͈ɯɡʌ̹p̚t͈a̠],Koreic,seli,ton,Modifier>,-,X,X,canu,.
tula,ʌſʋ,Modifier,far,farness/distance,to be far/distant,far/distant,Sanskrit दूर dūrá,/duː.ɾɐ́/,Indo-Iranian,tula,tula,Modifier>,-,.,.,sekano,.
tun,ʌ̄ſ,Verb,to do (an action),an action/job,to do/perform/execute/work,action-like/doable,Dutch doen,/dun/,Germanic,pali,kola,Verb,-,X,X,,.
tunci,ʌ̄ſɛı,Modifier,nonbinary/queer(?),nonbinaryness/queerness(?),to be nonbinary/queer(?),nonbinary/queer(?),Cantonese 同志 tung zi,/tʰʊŋ²¹ t͡siː³³/,Sino-Tibetan,tonsi,tonsi,ModifierG,tunti,X,X,,.
tuntan,ʌ̄ſʌ̄,Modifier,correct,correctness/fairness,to be correct/right/fair,correct/right/fair,Vietnamese đúng đắn,[ʔɗʊwŋ͡m˦˥ ʔɗaŋ˦˥],Austro-Asiatic,tuntan,tuntan,Modifier+,-,.,.,janlu,.
tusa,ʌſɤ,Modifier,grey,greyness,to be grey,grey,Hindi धूसर dhūsar,[d̪ʱuː.s̪əɾ],Indo-Iranian,kapesi,kapesi,ModifierG,-,X,X,,.
ujanu,oſɂƨſ,Modifier,awake,wakefulness,to be awake,awake,Turkish uyanık,/u.jaˈnɯk/,Turkic,-,-,Modifier0,-,X,X,antomi,.
ukama,oſxɞ,Noun,plant,plant,to be a plant,plant-related,Mongolian ургамал urgamal,,Mongolic,kasi,pota,Noun,-,X,X,,.
ukiki,oſxıxı,Noun,monkey/ape,monkey/ape,to be a monkey/ape,monkey/ape-related,Onomatopoeia,-,Misc,keke,keke,Noun,-,X,X,,.
uli,oſʋı,Modifier,weak,weakness,to be weak,weak,Mandarin 無力 wúlì,/u³⁵ li⁵¹/,Sino-Tibetan,one,one,Modifier0,-,X,X,len,.
ulokan,oſʋʃx̄,Noun,metal,metal,to be metal,metal-related/metallic,Tamil உலோகம் ulōkam,/uloːɡɐm/,Dravidian,ulokan,ulokan,Noun,-,.,.,,.
umami,oſɞɞı,Modifier,savory,savoriness,to be savory,savory,Japanese 旨味 umami,[ɯ̟ᵝma̠mʲi],Japonic,umami,umami,ModifierG,-,.,.,,.
umo,oſɞʃ,Noun,smoke/cloud,smoke/cloud,to be smoke/a cloud,smoke/cloud-related,Spanish humo,[ˈu.mo],Romance,pume,pume,Noun,-,X,X,,.
un,ōſ,Connector,and,-,-,-,German und,/ʊnt/,Germanic,en,en,Grammar,-,X,X,lekin,.
unitu,oſƨıʌſ,Modifier,joined,linkedness/unity,to be joined/linked/united,joined/linked/united,Brazilian Portuguese unido,/uˈni.du/,Romance,tewe,tewe,ModifierG,-,X,X,panli,.
usen,oſɤ̄ȷ,Pronoun,each other,each other,to be each other,each other's,Cantonese 互相 wu soeng,/wuː²² sœːŋ⁵⁵/,Sino-Tibetan,-,-,Pronoun,-,X,X,sa,.
uta,oſʌ,Modifier,also,inclusion,to be included,also/too/included,Quechua utaq,,Quechua,pin,pin,Modifier+,-,X,X,samo,.
wa,ɕ,Grammar,noun phrase collapser particle,-,-,-,-,-,Misc,pi,opi,Grammar,-,X,X,,.
waju,ɕɂſ,Noun,air/gas,air/gas,to be air/gas,air/gas-related,Sanskrit वायु vāyú,[ʋäː.juː],Indo-Iranian,kon,waju,Noun,-,X,.,,.
wala,ɕʋ,Noun,sibling,sibling,to be a sibling,sibling/related,Somali walaal,,Afroasiatic,walala,walala,Noun,-,X,X,,.
wan,ɕ̄,Quantity,one,one,to be one,first,English one,/wʌn/,Germanic,wan,ono,Quantity,-,.,X,,.
wanku,ɕ̄xſ,Modifier,curved,curviness,to be curved,curved,Cantonese 彎曲 waan kuk,/waːn⁵⁵ kʰʊk̚⁵/,Sino-Tibetan,-,-,Modifier>,-,X,X,mutakin,.
watan,ɕʌ̄,Noun,ring/circle,ring/circle/disc,to be a ring/circle/disc,ring/circle/disc-related,Tamil வட்டம் vaṭṭam,/ʋɐʈːɐm/,Dravidian,sike,kulu,Noun,-,X,X,,.
wen,ɕ̄ȷ,Grammar,(that) is; copula-apposition marker,-,-,-,-,-,Misc,-,-,Grammar,-,X,X,,.
wi,ɕı,Grammar,modifier-forcing derivational marker,-,-,-,-,-,Misc,-,-,Grammar,-,X,X,,.
wija,ɕıɂ,Preposition,via/through/using,-,-,-,Latin via,[ˈu̯iä]/[ˈviːä],Romance,pelu,pelu,Preposition,-,X,X,,.
wiki,ɕıxı,Modifier,fast,fastness/quickness/speed,to be fast/quick/speedy,fast/quick/speedy,Hawaiian wiki,[ˈviki],Austronesian,wiki,wiki,Modifier>,-,.,.,tile,.
wisan,ɕıɤ̄,Verb,to know (knowledge),knowledge,to know,knowledge-like/knowable,German Wissen,/ˈvɪsən/,Germanic,sona,lensa,Verb,-,X,X,,.
wonpa,ɕ̄ʃʜ,Modifier,sexual,sexualness/sexuality,to be sexual,sexual,Onomatopoeia,-,Misc,unpa,unpa,Modifier>,-,X,X,wi no wonpa,.